ip,continent_code,continent_name,country_code2,country_code3,country_name,country_capital,state_prov,district,city,zipcode,latitude,longitude,is_eu,calling_code,country_tld,languages,country_flag,geoname_id,isp,connection_type,organization,currency,time_zone
103.123.1.107,AS,Asia,TW,TWN,Taiwan,Taipei,,Zhonghe District,New Taipei City,235,24.99964,121.48531,False,+886,.tw,"zh-TW,zh,nan,hak",https://ipgeolocation.io/static/flags/tw_64.png,11700229,SaveCom Internation Inc.,,SaveCom Internation Inc.,"{'code': 'TWD', 'name': 'New Taiwan Dollar', 'symbol': 'NT$'}","{'name': 'Asia/Taipei', 'offset': 8, 'current_time': '2022-09-16 11:45:31.081+0800', 'current_time_unix': 1663299931.081, 'is_dst': False, 'dst_savings': 0}"
137.184.116.236,NA,North America,US,USA,United States,"Washington, D.C.",California,Santa Clara,Santa Clara,95054,37.39684,-121.95011,False,+1,.us,"en-US,es-US,haw,fr",https://ipgeolocation.io/static/flags/us_64.png,9847023,"DigitalOcean, LLC",,"DigitalOcean, LLC","{'code': 'USD', 'name': 'US Dollar', 'symbol': '$'}","{'name': 'America/Los_Angeles', 'offset': -8, 'current_time': '2022-09-15 20:45:31.583-0700', 'current_time_unix': 1663299931.583, 'is_dst': True, 'dst_savings': 1}"
152.89.196.211,EU,Europe,RU,RUS,Russia,Moscow,Central Federal District,Moscow,Moscow,124527,55.75696,37.61502,False,+7,.ru,"ru,tt,xal,cau,ady,kv,ce,tyv,cv,udm,tut,mns,bua,myv,mdf,chm,ba,inh,tut,kbd,krc,av,sah,nog",https://ipgeolocation.io/static/flags/ru_64.png,6956712,Starcrecium Limited,,Chang Way Technologies Co. Limited,"{'code': 'RUB', 'name': 'Russian Ruble', 'symbol': '₽'}","{'name': 'Europe/Moscow', 'offset': 3, 'current_time': '2022-09-16 06:45:32.079+0300', 'current_time_unix': 1663299932.079, 'is_dst': False, 'dst_savings': 0}"
152.89.196.62,EU,Europe,RU,RUS,Russia,Moscow,Central Federal District,Moscow,Moscow,124527,55.75696,37.61502,False,+7,.ru,"ru,tt,xal,cau,ady,kv,ce,tyv,cv,udm,tut,mns,bua,myv,mdf,chm,ba,inh,tut,kbd,krc,av,sah,nog",https://ipgeolocation.io/static/flags/ru_64.png,6956712,Starcrecium Limited,,Chang Way Technologies Co. Limited,"{'code': 'RUB', 'name': 'Russian Ruble', 'symbol': '₽'}","{'name': 'Europe/Moscow', 'offset': 3, 'current_time': '2022-09-16 06:45:32.580+0300', 'current_time_unix': 1663299932.58, 'is_dst': False, 'dst_savings': 0}"
154.89.5.100,AS,Asia,HK,HKG,Hong Kong,Hong Kong,Hong Kong SAR,,Hong Kong,,22.27830,114.16039,False,+852,.hk,"zh-HK,yue,zh,en",https://ipgeolocation.io/static/flags/hk_64.png,6951522,AgotoZ HK Limited,,AgotoZ HK Limited,"{'code': 'HKD', 'name': 'Hong Kong Dollar', 'symbol': 'HK$'}","{'name': 'Asia/Hong_Kong', 'offset': 8, 'current_time': '2022-09-16 11:45:33.080+0800', 'current_time_unix': 1663299933.08, 'is_dst': False, 'dst_savings': 0}"
163.172.66.201,EU,Europe,FR,FRA,France,Paris,Ile-de-France,8e Arrondissement,Paris,75008,48.87326,2.31882,True,+33,.fr,"fr-FR,frp,br,co,ca,eu,oc",https://ipgeolocation.io/static/flags/fr_64.png,6476601,Scaleway,,ONLINE S.A.S.,"{'code': 'EUR', 'name': 'Euro', 'symbol': '€'}","{'name': 'Europe/Paris', 'offset': 1, 'current_time': '2022-09-16 05:45:33.670+0200', 'current_time_unix': 1663299933.67, 'is_dst': True, 'dst_savings': 1}"
198.235.24.137,NA,North America,US,USA,United States,"Washington, D.C.",California,,Santa Clara,95054-2832,37.38293,-121.98216,False,+1,.us,"en-US,es-US,haw,fr",https://ipgeolocation.io/static/flags/us_64.png,9967627,"Palo Alto Networks, Inc",,Google LLC,"{'code': 'USD', 'name': 'US Dollar', 'symbol': '$'}","{'name': 'America/Los_Angeles', 'offset': -8, 'current_time': '2022-09-15 20:45:34.139-0700', 'current_time_unix': 1663299934.139, 'is_dst': True, 'dst_savings': 1}"
198.235.24.175,NA,North America,US,USA,United States,"Washington, D.C.",California,,Santa Clara,95054-2832,37.38293,-121.98216,False,+1,.us,"en-US,es-US,haw,fr",https://ipgeolocation.io/static/flags/us_64.png,9967627,"Palo Alto Networks, Inc",,Google LLC,"{'code': 'USD', 'name': 'US Dollar', 'symbol': '$'}","{'name': 'America/Los_Angeles', 'offset': -8, 'current_time': '2022-09-15 20:45:34.633-0700', 'current_time_unix': 1663299934.633, 'is_dst': True, 'dst_savings': 1}"
23.225.180.203,NA,North America,US,USA,United States,"Washington, D.C.",California,Downtown Los Angeles,Los Angeles,90014-1211,34.04835,-118.25518,False,+1,.us,"en-US,es-US,haw,fr",https://ipgeolocation.io/static/flags/us_64.png,7150255,CloudRadium L.L.C,,CloudRadium L.L.C,"{'code': 'USD', 'name': 'US Dollar', 'symbol': '$'}","{'name': 'America/Los_Angeles', 'offset': -8, 'current_time': '2022-09-15 20:45:35.136-0700', 'current_time_unix': 1663299935.136, 'is_dst': True, 'dst_savings': 1}"
43.158.213.246,AS,Asia,CN,CHN,China,Beijing,Guangdong,,Guangzhou,,23.12518,113.28064,False,+86,.cn,"zh-CN,yue,wuu,dta,ug,za",https://ipgeolocation.io/static/flags/cn_64.png,10285766,Tencent Cloud,,Shenzhen Tencent Computer Systems Company Limited,"{'code': 'CNY', 'name': 'Yuan Renminbi', 'symbol': '¥'}","{'name': 'Asia/Shanghai', 'offset': 8, 'current_time': '2022-09-16 11:45:35.604+0800', 'current_time_unix': 1663299935.604, 'is_dst': False, 'dst_savings': 0}"
44.200.181.175,NA,North America,US,USA,United States,"Washington, D.C.",Virginia,,,,37.54068,-77.43367,False,+1,.us,"en-US,es-US,haw,fr",https://ipgeolocation.io/static/flags/us_64.png,4753867,Amazon Technologies Inc. (AMAZON),,"Amazon.com, Inc.","{'code': 'USD', 'name': 'US Dollar', 'symbol': '$'}","{'name': 'America/New_York', 'offset': -5, 'current_time': '2022-09-15 23:45:36.098-0400', 'current_time_unix': 1663299936.098, 'is_dst': True, 'dst_savings': 1}"
45.134.144.228,NA,North America,US,USA,United States,"Washington, D.C.",California,Los Angeles,Los Angeles,90012,34.05361,-118.24550,False,+1,.us,"en-US,es-US,haw,fr",https://ipgeolocation.io/static/flags/us_64.png,5332870,Dedires LLC,,HUSAM A. H. HIJAZI,"{'code': 'USD', 'name': 'US Dollar', 'symbol': '$'}","{'name': 'America/Los_Angeles', 'offset': -8, 'current_time': '2022-09-15 20:45:36.592-0700', 'current_time_unix': 1663299936.592, 'is_dst': True, 'dst_savings': 1}"
45.227.253.186,NA,North America,PA,PAN,Panama,Panama City,Panamá,Bella Vista,Panama City,,8.98069,-79.51980,False,+507,.pa,"es-PA,en",https://ipgeolocation.io/static/flags/pa_64.png,10064799,DirectWebH CORP,,Global Layer B.V.,"{'code': 'PAB', 'name': 'Balboa', 'symbol': 'B/.'}","{'name': 'America/Panama', 'offset': -5, 'current_time': '2022-09-15 22:45:37.075-0500', 'current_time_unix': 1663299937.075, 'is_dst': False, 'dst_savings': 0}"
83.137.158.14,EU,Europe,HR,HRV,Croatia,Zagreb,,Grad Zagreb,Zagreb,10000,45.80724,15.96757,True,+385,.hr,"hr-HR,sr",https://ipgeolocation.io/static/flags/hr_64.png,9953748,ONION NETWORKS LTD,,ONION NETWORKS LTD,"{'code': 'HRK', 'name': 'Croatian Kuna', 'symbol': 'kn'}","{'name': 'Europe/Zagreb', 'offset': 1, 'current_time': '2022-09-16 05:45:37.582+0200', 'current_time_unix': 1663299937.582, 'is_dst': True, 'dst_savings': 1}"
